gesture,x0,y0,z0,x1,y1,z1,x2,y2,z2,x3,y3,z3,x4,y4,z4,x5,y5,z5,x6,y6,z6,x7,y7,z7,x8,y8,z8,x9,y9,z9,x10,y10,z10,x11,y11,z11,x12,y12,z12,x13,y13,z13,x14,y14,z14,x15,y15,z15,x16,y16,z16,x17,y17,z17,x18,y18,z18,x19,y19,z19,x20,y20,z20
open_palm,0.24512335658073425,0.7007769346237183,8.262882715825981e-07,0.3394645154476166,0.6662904024124146,-0.06149565055966377,0.42469310760498047,0.5938566327095032,-0.0965513363480568,0.4930928945541382,0.5308891534805298,-0.12659934163093567,0.5551072359085083,0.4871486723423004,-0.1566907912492752,0.36100324988365173,0.38117191195487976,-0.06961945444345474,0.39566734433174133,0.2479391247034073,-0.10741610825061798,0.4134542644023895,0.16023306548595428,-0.1344551146030426,0.42561638355255127,0.08473646640777588,-0.15444985032081604,0.2957591116428375,0.35511744022369385,-0.06828153133392334,0.31368687748908997,0.20251886546611786,-0.1004672423005104,0.3218936324119568,0.10863670706748962,-0.12280841916799545,0.326206773519516,0.027050912380218506,-0.13969211280345917,0.23165644705295563,0.36747491359710693,-0.07370535284280777,0.22733059525489807,0.22620655596256256,-0.10963043570518494,0.23020990192890167,0.13476619124412537,-0.13494792580604553,0.2341649830341339,0.05360090732574463,-0.15268440544605255,0.16863015294075012,0.4100731611251831,-0.08454413712024689,0.12134307622909546,0.31378769874572754,-0.12255068868398666,0.08897413313388824,0.24948027729988098,-0.14263422787189484,0.06354987621307373,0.184719979763031,-0.1553148776292801
open_palm,0.35516735911369324,0.7700070738792419,6.593882631023007e-07,0.4345182180404663,0.7371609210968018,-0.04390323907136917,0.49821487069129944,0.6650569438934326,-0.07196448743343353,0.549759030342102,0.6034496426582336,-0.09620995074510574,0.5996071100234985,0.5595955848693848,-0.1222565546631813,0.4596608281135559,0.5162479877471924,-0.07368916273117065,0.4853423535823822,0.3929075002670288,-0.11501522362232208,0.5002490282058716,0.31234365701675415,-0.14201416075229645,0.5107964873313904,0.2407848834991455,-0.1615135371685028,0.4011053144931793,0.49800512194633484,-0.07962702214717865,0.41007810831069946,0.35741591453552246,-0.1193045824766159,0.41434186697006226,0.2653205990791321,-0.14637760818004608,0.4152620732784271,0.18683502078056335,-0.16593387722969055,0.34404048323631287,0.5178298950195312,-0.08869662880897522,0.3325169086456299,0.39159730076789856,-0.12753063440322876,0.3255891501903534,0.29749661684036255,-0.15397348999977112,0.32129812240600586,0.21478787064552307,-0.17244622111320496,0.29128554463386536,0.5654754638671875,-0.10057366639375687,0.24944241344928741,0.4831535518169403,-0.1387508362531662,0.2215762585401535,0.42348283529281616,-0.15838217735290527,0.20045635104179382,0.3621671795845032,-0.1709461808204651
open_palm,0.3461051285266876,0.765531599521637,6.470240805356298e-07,0.42717990279197693,0.7351840734481812,-0.04633338376879692,0.48996222019195557,0.663899302482605,-0.0760841816663742,0.5432569980621338,0.6002636551856995,-0.10149922966957092,0.5925126671791077,0.5477582216262817,-0.12874473631381989,0.45454806089401245,0.5137609243392944,-0.0777541920542717,0.47875314950942993,0.39130741357803345,-0.11970885843038559,0.49450787901878357,0.3124207556247711,-0.146996408700943,0.5056126713752747,0.2416902780532837,-0.16684772074222565,0.39567822217941284,0.4964677691459656,-0.08329341560602188,0.4028143882751465,0.3552135229110718,-0.12369454652070999,0.4069882929325104,0.2643822729587555,-0.15108223259449005,0.4072340130805969,0.18506929278373718,-0.17121827602386475,0.33781787753105164,0.5173490643501282,-0.09224709868431091,0.32539379596710205,0.39057406783103943,-0.13258135318756104,0.31841984391212463,0.2948116362094879,-0.16026024520397186,0.31384608149528503,0.21023347973823547,-0.17967352271080017,0.284070760011673,0.564958930015564,-0.10405860841274261,0.24089457094669342,0.4784538745880127,-0.14455319941043854,0.21064838767051697,0.4170059859752655,-0.16605663299560547,0.18674680590629578,0.354076623916626,-0.1800052970647812
open_palm,0.34806323051452637,0.779556930065155,7.731293294455099e-07,0.4351394474506378,0.7391186356544495,-0.050521284341812134,0.5026528239250183,0.6633949875831604,-0.08417206257581711,0.5567800998687744,0.5991324186325073,-0.11381985992193222,0.6101983785629272,0.5472629070281982,-0.14578475058078766,0.4598731994628906,0.5034334659576416,-0.0863790214061737,0.4936777651309967,0.36981457471847534,-0.13468854129314423,0.5108686089515686,0.28265416622161865,-0.1662423014640808,0.5223175287246704,0.2057783305644989,-0.1887771338224411,0.39667168259620667,0.48444411158561707,-0.09287899732589722,0.405362993478775,0.3302626609802246,-0.13814976811408997,0.4090922474861145,0.22933506965637207,-0.16953852772712708,0.40857207775115967,0.1431424617767334,-0.19233721494674683,0.33523035049438477,0.5080316066741943,-0.10286681354045868,0.31504347920417786,0.3712746202945709,-0.1464129537343979,0.30418288707733154,0.272004634141922,-0.17657606303691864,0.2976398169994354,0.1839105486869812,-0.19833776354789734,0.2789304256439209,0.562419056892395,-0.11612813174724579,0.23062080144882202,0.4841579794883728,-0.15897060930728912,0.19933155179023743,0.42628952860832214,-0.18127726018428802,0.17613239586353302,0.3664699196815491,-0.1958816647529602
open_palm,0.3524724543094635,0.7791703939437866,7.464655595867953e-07,0.4393736720085144,0.7474347352981567,-0.0507243312895298,0.5094187259674072,0.6719257831573486,-0.08259256929159164,0.5663668513298035,0.6105728149414062,-0.1096641942858696,0.6207491159439087,0.56532883644104,-0.13920775055885315,0.46983808279037476,0.5123405456542969,-0.08468557149171829,0.5066273808479309,0.3859354853630066,-0.12938830256462097,0.5282703638076782,0.3026466965675354,-0.15976957976818085,0.5442739129066467,0.2283416986465454,-0.18246254324913025,0.406647652387619,0.4929869771003723,-0.09061115235090256,0.41805872321128845,0.34682977199554443,-0.13303637504577637,0.42534586787223816,0.2498677670955658,-0.1634233444929123,0.4275802969932556,0.16691404581069946,-0.18614323437213898,0.34563037753105164,0.5156495571136475,-0.10015404224395752,0.33607688546180725,0.3802559971809387,-0.143708273768425,0.33105453848838806,0.2809898257255554,-0.17576627433300018,0.3278995156288147,0.19108662009239197,-0.19890648126602173,0.28995898365974426,0.5695480108261108,-0.11268531531095505,0.24440450966358185,0.4887682795524597,-0.15798336267471313,0.21093426644802094,0.43057069182395935,-0.18234986066818237,0.18451741337776184,0.36867257952690125,-0.1984087973833084
open_palm,0.3524717688560486,0.7759959101676941,7.259068297571503e-07,0.435356080532074,0.7453956604003906,-0.04917791113257408,0.5031129717826843,0.674272894859314,-0.08003047853708267,0.5591449737548828,0.6132922768592834,-0.1063985750079155,0.6129742860794067,0.5682815313339233,-0.13484473526477814,0.4670565724372864,0.5153068900108337,-0.0795259177684784,0.5036088228225708,0.3914220333099365,-0.12281044572591782,0.5249643921852112,0.3093932271003723,-0.15255160629749298,0.5410081744194031,0.2348705530166626,-0.17481489479541779,0.4053715765476227,0.49567699432373047,-0.08532078564167023,0.41509076952934265,0.3502381145954132,-0.1262483447790146,0.42352426052093506,0.2563658654689789,-0.15653494000434875,0.4284040033817291,0.17373549938201904,-0.17928600311279297,0.34557637572288513,0.516662061214447,-0.09465490281581879,0.3365515470504761,0.38341861963272095,-0.1369907408952713,0.3311465382575989,0.28491610288619995,-0.16874228417873383,0.328260600566864,0.19613677263259888,-0.19147154688835144,0.29055964946746826,0.5677684545516968,-0.10692384839057922,0.245638906955719,0.48539140820503235,-0.15069156885147095,0.21251651644706726,0.42757710814476013,-0.17445401847362518,0.18612657487392426,0.366325318813324,-0.1900564730167389
open_palm,0.355937123298645,0.7760769128799438,7.479935675291927e-07,0.43685847520828247,0.7431696057319641,-0.04753375053405762,0.5016703009605408,0.6735352277755737,-0.07929226756095886,0.557358980178833,0.6142556071281433,-0.10697643458843231,0.6131199598312378,0.5718197822570801,-0.13669529557228088,0.4665893018245697,0.5182490348815918,-0.07956647872924805,0.5001847147941589,0.3941335082054138,-0.12359678745269775,0.5205748081207275,0.3120550513267517,-0.15243984758853912,0.535978376865387,0.23962730169296265,-0.17333301901817322,0.407746821641922,0.49821025133132935,-0.08614494651556015,0.4189499020576477,0.35275718569755554,-0.12748202681541443,0.42610520124435425,0.2583421468734741,-0.15582400560379028,0.42939290404319763,0.17877048254013062,-0.17627005279064178,0.3494652509689331,0.519192636013031,-0.09609832614660263,0.3391347825527191,0.3838447332382202,-0.1376745104789734,0.3314339518547058,0.28649434447288513,-0.16635634005069733,0.32740145921707153,0.20077335834503174,-0.1863909810781479,0.2953560948371887,0.5704134702682495,-0.10892689973115921,0.2505277395248413,0.48819202184677124,-0.15106861293315887,0.21942299604415894,0.4293065667152405,-0.1727829873561859,0.19563452899456024,0.36854618787765503,-0.1864423155784607
open_palm,0.3553963303565979,0.7765799164772034,7.279421652128804e-07,0.4369519054889679,0.7486459016799927,-0.04948893561959267,0.5048559904098511,0.6777637600898743,-0.08172587305307388,0.5634514093399048,0.6185004115104675,-0.1091906800866127,0.6207696199417114,0.5768593549728394,-0.13887083530426025,0.47066453099250793,0.5232013463973999,-0.0838715210556984,0.5058432221412659,0.39856743812561035,-0.12993143498897552,0.5297646522521973,0.3179449439048767,-0.1613224446773529,0.5484436750411987,0.24512732028961182,-0.1839669942855835,0.4109360873699188,0.5024488568305969,-0.08968126773834229,0.4225544035434723,0.3576606810092926,-0.13158255815505981,0.43003159761428833,0.2634808421134949,-0.16071973741054535,0.4328574240207672,0.18082740902900696,-0.1823471039533615,0.35220763087272644,0.5219786763191223,-0.09909456968307495,0.3455957770347595,0.39090317487716675,-0.14105212688446045,0.34063076972961426,0.29331254959106445,-0.17039188742637634,0.3376498520374298,0.2052515149116516,-0.19135341048240662,0.29736965894699097,0.5716511607170105,-0.11158650368452072,0.25559449195861816,0.4876040816307068,-0.15390805900096893,0.22403426468372345,0.4299393594264984,-0.17533516883850098,0.19864265620708466,0.3692384362220764,-0.18925915658473969
open_palm,0.36007988452911377,0.7775945663452148,7.060826305860246e-07,0.44105783104896545,0.7463809251785278,-0.04700810834765434,0.5062599182128906,0.6766054630279541,-0.07831739634275436,0.5615841150283813,0.6189973950386047,-0.10574796795845032,0.6170430183410645,0.5769957304000854,-0.13551540672779083,0.4732416570186615,0.5226492881774902,-0.08011820912361145,0.5062525272369385,0.3992295265197754,-0.1251903474330902,0.5264743566513062,0.3184518814086914,-0.15544536709785461,0.5416567325592041,0.24598374962806702,-0.17750786244869232,0.41351160407066345,0.5029062032699585,-0.0873970314860344,0.4254467487335205,0.3589191436767578,-0.12927088141441345,0.43170732259750366,0.26520588994026184,-0.15895673632621765,0.4338717758655548,0.18420186638832092,-0.18087643384933472,0.3538628816604614,0.5236023664474487,-0.09807833284139633,0.3458118736743927,0.3897910714149475,-0.1403299868106842,0.33984655141830444,0.2925444543361664,-0.17030397057533264,0.33697932958602905,0.2049075961112976,-0.19163525104522705,0.29819685220718384,0.5747203826904297,-0.11155107617378235,0.2565802335739136,0.4922947883605957,-0.15461881458759308,0.22663144767284393,0.433352530002594,-0.17693455517292023,0.203736811876297,0.3714621365070343,-0.1913255900144577
open_palm,0.35267239809036255,0.7757120728492737,7.429566721839365e-07,0.4345717132091522,0.7459385991096497,-0.052143894135951996,0.49814939498901367,0.6728090643882751,-0.08455398678779602,0.5499143600463867,0.605890154838562,-0.11226990818977356,0.605461835861206,0.558285117149353,-0.1423315405845642,0.45285385847091675,0.5095780491828918,-0.08424514532089233,0.47675538063049316,0.37539875507354736,-0.12876157462596893,0.4885883927345276,0.2883564233779907,-0.15755194425582886,0.4955822229385376,0.21275386214256287,-0.17820581793785095,0.3937537670135498,0.4939398169517517,-0.08856599777936935,0.40418994426727295,0.34328967332839966,-0.129461869597435,0.4078141152858734,0.2420920431613922,-0.15803231298923492,0.4066646695137024,0.1587616205215454,-0.17839552462100983,0.3356562852859497,0.5178840160369873,-0.09663638472557068,0.3224281072616577,0.38308995962142944,-0.13778498768806458,0.31555742025375366,0.2867451310157776,-0.167718306183815,0.3115043640136719,0.20537015795707703,-0.1884056031703949,0.28006136417388916,0.5706338286399841,-0.10804212093353271,0.23782530426979065,0.4908446967601776,-0.14919891953468323,0.20913270115852356,0.4416121244430542,-0.1707400679588318,0.1860189288854599,0.3956407308578491,-0.18408237397670746
open_palm,0.34977492690086365,0.7779853343963623,7.256231810970348e-07,0.4307214021682739,0.7438074350357056,-0.049512434750795364,0.4938279390335083,0.6708436012268066,-0.08254565298557281,0.551271915435791,0.6054092645645142,-0.1113884299993515,0.6118488907814026,0.5606557726860046,-0.1427256464958191,0.44855576753616333,0.5117881298065186,-0.08325834572315216,0.47279971837997437,0.37738558650016785,-0.12838687002658844,0.485370934009552,0.28871697187423706,-0.157406285405159,0.49209678173065186,0.2119806706905365,-0.1780310720205307,0.39101681113243103,0.4970633387565613,-0.08869118988513947,0.4010097086429596,0.3478448987007141,-0.13004273176193237,0.4024622440338135,0.2474280297756195,-0.15807819366455078,0.3984086811542511,0.1629684567451477,-0.17800799012184143,0.33406007289886475,0.5223696827888489,-0.09752417355775833,0.3196409344673157,0.3889401853084564,-0.1382502168416977,0.3093554377555847,0.29057061672210693,-0.16711877286434174,0.3021009564399719,0.20453590154647827,-0.18718752264976501,0.27978408336639404,0.576905369758606,-0.10946327447891235,0.23600971698760986,0.4975138008594513,-0.15014341473579407,0.2080080360174179,0.44355687499046326,-0.1710323989391327,0.18680188059806824,0.3907725214958191,-0.18395783007144928
open_palm,0.34864240884780884,0.7761496305465698,7.059169320200454e-07,0.42908433079719543,0.7413692474365234,-0.048345088958740234,0.49185335636138916,0.6638976335525513,-0.07964983582496643,0.5493103861808777,0.5961493253707886,-0.10718643665313721,0.6098641157150269,0.5513876676559448,-0.1370571404695511,0.441421240568161,0.5032864212989807,-0.07847122848033905,0.4656316041946411,0.370189905166626,-0.12188497930765152,0.476791113615036,0.28217628598213196,-0.15009288489818573,0.48195117712020874,0.20498871803283691,-0.17055897414684296,0.38378387689590454,0.4894194006919861,-0.08397863805294037,0.39018914103507996,0.34057170152664185,-0.12390734255313873,0.39045894145965576,0.2411404550075531,-0.15078748762607574,0.3852016031742096,0.15738889575004578,-0.1702972650527954,0.3273310363292694,0.5143826603889465,-0.0932171568274498,0.30942249298095703,0.38117584586143494,-0.13235023617744446,0.2984231114387512,0.28496262431144714,-0.15833385288715363,0.2898862957954407,0.20044955611228943,-0.17640042304992676,0.2736552953720093,0.5682199001312256,-0.10586502403020859,0.22743980586528778,0.4819185137748718,-0.14476709067821503,0.19772009551525116,0.4219772219657898,-0.16408798098564148,0.17467813193798065,0.3628700375556946,-0.17605769634246826
open_palm,0.3430030643939972,0.7650065422058105,6.876656470922171e-07,0.41978174448013306,0.7295618057250977,-0.0485861636698246,0.4786858558654785,0.6510707139968872,-0.07767357677221298,0.5303527116775513,0.5799616575241089,-0.10270543396472931,0.5817350149154663,0.5324767827987671,-0.1289532333612442,0.42289578914642334,0.48693278431892395,-0.07139915227890015,0.43725618720054626,0.3532823324203491,-0.10920906811952591,0.44175782799720764,0.2687438726425171,-0.1335786134004593,0.4416355490684509,0.19753071665763855,-0.1511041522026062,0.36466941237449646,0.47617828845977783,-0.07446467876434326,0.3651873469352722,0.32780054211616516,-0.1088414117693901,0.3605651259422302,0.231664776802063,-0.13203001022338867,0.35254403948783875,0.15388545393943787,-0.1481359750032425,0.3106975853443146,0.50271075963974,-0.08147470653057098,0.28915056586265564,0.3687887191772461,-0.11632216721773148,0.2742772400379181,0.27738088369369507,-0.14037813246250153,0.2638417184352875,0.19919368624687195,-0.15664362907409668,0.26106882095336914,0.5586301684379578,-0.09208521991968155,0.2123638093471527,0.48017099499702454,-0.12808024883270264,0.17954662442207336,0.4269911050796509,-0.14617371559143066,0.1548144668340683,0.3739173710346222,-0.1567128449678421
open_palm,0.3437856435775757,0.7649588584899902,6.660558256044169e-07,0.41911035776138306,0.7261193990707397,-0.045692939311265945,0.47808337211608887,0.646386981010437,-0.07370822876691818,0.5284479856491089,0.5772773623466492,-0.0981307327747345,0.5805782675743103,0.5353752970695496,-0.12378783524036407,0.4234476387500763,0.48814037442207336,-0.0690164566040039,0.43645426630973816,0.35636982321739197,-0.10728873312473297,0.44010868668556213,0.2703072130680084,-0.13240891695022583,0.43885481357574463,0.19708189368247986,-0.15053719282150269,0.36548852920532227,0.47666674852371216,-0.07356321066617966,0.36528661847114563,0.32951095700263977,-0.10882408171892166,0.3605595827102661,0.2339194118976593,-0.13220448791980743,0.3516436815261841,0.15632781386375427,-0.1482883244752884,0.311641663312912,0.5039081573486328,-0.08178212493658066,0.2897123694419861,0.3740127682685852,-0.11733905225992203,0.27565813064575195,0.2841789722442627,-0.1407940834760666,0.2651788592338562,0.20605012774467468,-0.156401589512825,0.26172420382499695,0.5607578158378601,-0.0933651328086853,0.2142888456583023,0.48415765166282654,-0.12948624789714813,0.1820618361234665,0.43185168504714966,-0.14658670127391815,0.15627367794513702,0.3790026307106018,-0.15635505318641663
open_palm,0.33950096368789673,0.7617719173431396,6.672207177871314e-07,0.4164820909500122,0.7219609022140503,-0.04540295898914337,0.4779021143913269,0.6423020958900452,-0.07345703989267349,0.5302392244338989,0.5716354250907898,-0.0980839654803276,0.5835064649581909,0.5269044637680054,-0.12408905476331711,0.4205482304096222,0.4841032326221466,-0.06856558471918106,0.4343266785144806,0.3529195189476013,-0.10648728162050247,0.43783432245254517,0.2677754759788513,-0.13126973807811737,0.4360140264034271,0.1957835555076599,-0.14921443164348602,0.36396536231040955,0.47287383675575256,-0.07316996157169342,0.3649628162384033,0.32633134722709656,-0.10809176415205002,0.3597615659236908,0.23082536458969116,-0.1315631866455078,0.34962016344070435,0.15397876501083374,-0.14786182343959808,0.31091153621673584,0.5000446438789368,-0.08141475915908813,0.2884334623813629,0.36849942803382874,-0.11690392345190048,0.27211374044418335,0.2795005440711975,-0.14071717858314514,0.2591231167316437,0.20264026522636414,-0.15661568939685822,0.26115602254867554,0.5568331480026245,-0.09292799979448318,0.2136896401643753,0.4797338545322418,-0.12909266352653503,0.18102747201919556,0.42745453119277954,-0.1468062549829483,0.15500500798225403,0.37542665004730225,-0.1570059061050415
open_palm,0.33870625495910645,0.7653173208236694,6.591579904124956e-07,0.41706734895706177,0.7241929769515991,-0.04335932433605194,0.4765419363975525,0.6422774791717529,-0.06990364193916321,0.5286458730697632,0.5698369145393372,-0.09356001764535904,0.5821059942245483,0.525418221950531,-0.11853994429111481,0.41791316866874695,0.4830199182033539,-0.06365123391151428,0.4316496253013611,0.3517107367515564,-0.09951931983232498,0.43493396043777466,0.2668633460998535,-0.1230151355266571,0.4337880611419678,0.1953938901424408,-0.14019732177257538,0.3614610731601715,0.47175341844558716,-0.06848600506782532,0.3622216582298279,0.32693469524383545,-0.10165362805128098,0.35758018493652344,0.23133885860443115,-0.12423165142536163,0.3490619361400604,0.15370437502861023,-0.13985083997249603,0.308455228805542,0.49801474809646606,-0.07695797085762024,0.28562358021736145,0.3657906651496887,-0.11066701263189316,0.27035441994667053,0.27584022283554077,-0.13376733660697937,0.25938430428504944,0.19805565476417542,-0.14928919076919556,0.2592794895172119,0.5536933541297913,-0.08866003900766373,0.21056556701660156,0.47726425528526306,-0.12321995943784714,0.17811261117458344,0.4244699478149414,-0.1404222995042801,0.15348868072032928,0.3723081052303314,-0.15033097565174103
open_palm,0.33733880519866943,0.7602170705795288,6.517630595226365e-07,0.4165251553058624,0.7192366719245911,-0.0437190905213356,0.4772445857524872,0.6362659335136414,-0.07019169628620148,0.5282444357872009,0.5642930865287781,-0.09365332871675491,0.5806716680526733,0.5207390189170837,-0.11856681108474731,0.41640743613243103,0.48103901743888855,-0.06613398343324661,0.42979374527931213,0.34928834438323975,-0.1029922366142273,0.4328005313873291,0.2650468349456787,-0.12691552937030792,0.43080997467041016,0.19400641322135925,-0.14416532218456268,0.3596253991127014,0.4705878496170044,-0.07086383551359177,0.3608664870262146,0.3250476121902466,-0.1044701337814331,0.355413556098938,0.22972634434700012,-0.1271427720785141,0.3453028202056885,0.15342217683792114,-0.14291296899318695,0.30678123235702515,0.4979158341884613,-0.07914142310619354,0.28417500853538513,0.36603111028671265,-0.11288575083017349,0.26795709133148193,0.2775135934352875,-0.13624653220176697,0.25528639554977417,0.20099955797195435,-0.15214845538139343,0.25827139616012573,0.5552030801773071,-0.09065916389226913,0.21170373260974884,0.4813450872898102,-0.12510809302330017,0.17961853742599487,0.4300520420074463,-0.14233946800231934,0.1545395702123642,0.37929320335388184,-0.15251673758029938
open_palm,0.3418390452861786,0.7656164169311523,6.398042842192808e-07,0.4211483299732208,0.7215635776519775,-0.041294537484645844,0.47715798020362854,0.6353341341018677,-0.06544069200754166,0.5271731615066528,0.5606883764266968,-0.08725695312023163,0.576914370059967,0.5163103342056274,-0.11039011180400848,0.41592317819595337,0.4758142828941345,-0.058173976838588715,0.4263152480125427,0.3452286124229431,-0.09198272973299026,0.4275338649749756,0.26194605231285095,-0.11451474577188492,0.42469751834869385,0.19250398874282837,-0.1311882734298706,0.35893601179122925,0.4678838849067688,-0.06350841373205185,0.3573477864265442,0.32215338945388794,-0.09439311921596527,0.3515806496143341,0.22853988409042358,-0.1160224974155426,0.34274739027023315,0.15407916903495789,-0.13094249367713928,0.30698302388191223,0.49703121185302734,-0.07257624715566635,0.2835153043270111,0.36450886726379395,-0.1049487516283989,0.26690196990966797,0.2763923406600952,-0.12825076282024384,0.25474363565444946,0.20088467001914978,-0.14396049082279205,0.25983619689941406,0.5562156438827515,-0.08477974683046341,0.21307536959648132,0.4830968379974365,-0.11906813830137253,0.1812969148159027,0.43137064576148987,-0.13666334748268127,0.15762865543365479,0.380246102809906,-0.14688894152641296
open_palm,0.34350350499153137,0.7678998708724976,6.251589184103068e-07,0.4214143753051758,0.7226223349571228,-0.04183129593729973,0.47835591435432434,0.6361345052719116,-0.06708630174398422,0.5278152823448181,0.5614078044891357,-0.08965461701154709,0.5793015956878662,0.5174437165260315,-0.1134844496846199,0.4168442487716675,0.47941088676452637,-0.06138567253947258,0.4260619878768921,0.348574161529541,-0.09614132344722748,0.4268638491630554,0.26453837752342224,-0.11923464387655258,0.4230424463748932,0.19297921657562256,-0.13642928004264832,0.36081281304359436,0.47000813484191895,-0.06658174842596054,0.3590797483921051,0.3243597745895386,-0.09921213984489441,0.35232213139533997,0.22992727160453796,-0.12161232531070709,0.3409431576728821,0.15372177958488464,-0.1373920887708664,0.30887162685394287,0.49757349491119385,-0.07533840835094452,0.2852720618247986,0.3647294044494629,-0.1086331307888031,0.2680460214614868,0.27498117089271545,-0.13233822584152222,0.2536439597606659,0.19731849431991577,-0.1484561562538147,0.2610917091369629,0.5543645620346069,-0.08719860762357712,0.21331623196601868,0.4768194258213043,-0.1213587149977684,0.1800801008939743,0.421816885471344,-0.13929302990436554,0.1533726304769516,0.3673076927661896,-0.15016750991344452
open_palm,0.3423972427845001,0.768703818321228,6.024870913279301e-07,0.421653151512146,0.7239002585411072,-0.040553364902734756,0.4798738658428192,0.6364125609397888,-0.06486067175865173,0.5295065641403198,0.5617533326148987,-0.08673004060983658,0.5801355838775635,0.5180280208587646,-0.10998152196407318,0.41859519481658936,0.4792945683002472,-0.05939462035894394,0.42727014422416687,0.3487470746040344,-0.09356724470853806,0.4273742735385895,0.26509207487106323,-0.11662319302558899,0.42304080724716187,0.19407790899276733,-0.13397356867790222,0.3624754548072815,0.4705001711845398,-0.06513727456331253,0.3597947955131531,0.3245425522327423,-0.0975690633058548,0.35286226868629456,0.2305414080619812,-0.12029308825731277,0.3412749171257019,0.1558806300163269,-0.13626432418823242,0.31052470207214355,0.4985639154911041,-0.07436152547597885,0.28634366393089294,0.3656623363494873,-0.10803291201591492,0.26889652013778687,0.2759559750556946,-0.13212719559669495,0.2540903687477112,0.19926193356513977,-0.14836087822914124,0.2626795172691345,0.555648922920227,-0.08653293550014496,0.2148396223783493,0.47697514295578003,-0.12145869433879852,0.18122175335884094,0.42214179039001465,-0.13985535502433777,0.15382885932922363,0.36858493089675903,-0.15089239180088043
open_palm,0.34554094076156616,0.7685298919677734,5.921829142607749e-07,0.4234635531902313,0.724873423576355,-0.04199637845158577,0.481166809797287,0.6396086812019348,-0.0669315904378891,0.5295689702033997,0.565223217010498,-0.08913512527942657,0.5786821842193604,0.5196477770805359,-0.1128002256155014,0.42038238048553467,0.48202648758888245,-0.062062133103609085,0.4282585382461548,0.3505128026008606,-0.09710464626550674,0.4294457733631134,0.2662372589111328,-0.12059193104505539,0.4264417290687561,0.19449958205223083,-0.13796916604042053,0.3642421066761017,0.4727453887462616,-0.0670885443687439,0.3610897362232208,0.3269653022289276,-0.09958067536354065,0.3542433977127075,0.23241111636161804,-0.12236544489860535,0.3431270718574524,0.1569528579711914,-0.13855701684951782,0.3130348324775696,0.5003628134727478,-0.0756617933511734,0.2889930009841919,0.3693491816520691,-0.10859832912683487,0.2721748352050781,0.27892613410949707,-0.13253457844257355,0.25847339630126953,0.20150801539421082,-0.14895759522914886,0.26601991057395935,0.556881844997406,-0.08741722255945206,0.21691682934761047,0.47818323969841003,-0.12175198644399643,0.18303857743740082,0.42275577783584595,-0.1400337964296341,0.15618999302387238,0.3685063421726227,-0.15111085772514343
open_palm,0.34219688177108765,0.7671569585800171,5.932633371230622e-07,0.42117610573768616,0.724231481552124,-0.04151403531432152,0.4808996617794037,0.6392298340797424,-0.06643124669790268,0.5295706987380981,0.5661108493804932,-0.08855335414409637,0.5793242454528809,0.5220975875854492,-0.1122288852930069,0.4220181703567505,0.48358070850372314,-0.062385257333517075,0.43120816349983215,0.35428524017333984,-0.0976586639881134,0.43208402395248413,0.27075058221817017,-0.12140434980392456,0.4284605085849762,0.1989024579524994,-0.1391560137271881,0.36616846919059753,0.4738250970840454,-0.06815055757761002,0.3642100393772125,0.32826685905456543,-0.10146960616111755,0.3572421967983246,0.23423174023628235,-0.12495429813861847,0.3455466330051422,0.1584467887878418,-0.14159511029720306,0.3144059479236603,0.501414954662323,-0.07729955017566681,0.2914070785045624,0.3696855306625366,-0.11180291324853897,0.27441468834877014,0.2800070643424988,-0.1363283395767212,0.2601810097694397,0.20275476574897766,-0.15291111171245575,0.2663249373435974,0.5581081509590149,-0.08939255774021149,0.2181921899318695,0.4789888262748718,-0.1250380575656891,0.1850750595331192,0.42379307746887207,-0.14350813627243042,0.15861834585666656,0.36884573101997375,-0.15466386079788208
open_palm,0.3422684669494629,0.7707538604736328,5.897409778299334e-07,0.42234471440315247,0.726608157157898,-0.04008270800113678,0.47861728072166443,0.638944685459137,-0.06283637136220932,0.524000883102417,0.560274600982666,-0.08319185674190521,0.572211503982544,0.5124902129173279,-0.10489235818386078,0.41746461391448975,0.4807279706001282,-0.05624327436089516,0.42977461218833923,0.3513004183769226,-0.0892525166273117,0.43212568759918213,0.2681434750556946,-0.11183368414640427,0.4288976490497589,0.1967354416847229,-0.12897217273712158,0.3626689314842224,0.47163066267967224,-0.061559900641441345,0.3630101680755615,0.32558673620224,-0.09354531764984131,0.3552669882774353,0.23142248392105103,-0.11701782792806625,0.3414737284183502,0.1568426489830017,-0.13357873260974884,0.3121970593929291,0.4990805983543396,-0.07031149417161942,0.2889440059661865,0.3674693703651428,-0.10348798334598541,0.270437091588974,0.277799129486084,-0.1275785267353058,0.25385403633117676,0.2017204463481903,-0.14375066757202148,0.2648358643054962,0.5547813177108765,-0.08196263760328293,0.21711939573287964,0.47322335839271545,-0.11644141376018524,0.18506911396980286,0.41595619916915894,-0.13460490107536316,0.15942926704883575,0.3606413006782532,-0.14541447162628174
open_palm,0.36527153849601746,0.785537600517273,5.32630622274155e-07,0.44388508796691895,0.7503476738929749,-0.03590751066803932,0.506209135055542,0.6706988215446472,-0.05844459310173988,0.5562989115715027,0.604678750038147,-0.07892674207687378,0.6028871536254883,0.5588467717170715,-0.10136391967535019,0.4706903398036957,0.5199822783470154,-0.05899742245674133,0.4922984540462494,0.3947780132293701,-0.09472299367189407,0.5051854848861694,0.31667250394821167,-0.11920108646154404,0.5146100521087646,0.24797746539115906,-0.13762617111206055,0.4182075560092926,0.5059894323348999,-0.06740826368331909,0.4290667176246643,0.36374014616012573,-0.10138135403394699,0.434948205947876,0.27312254905700684,-0.12721440196037292,0.43558967113494873,0.19752654433250427,-0.14634093642234802,0.3670131266117096,0.5279391407966614,-0.0787746012210846,0.3578934669494629,0.39622342586517334,-0.1131448969244957,0.3506355583667755,0.3039754629135132,-0.14017024636268616,0.34506145119667053,0.22360572218894958,-0.15964695811271667,0.31736454367637634,0.5775406360626221,-0.09245190024375916,0.27903515100479126,0.49411165714263916,-0.12873658537864685,0.2529577612876892,0.4324497580528259,-0.14959903061389923,0.23289844393730164,0.37023866176605225,-0.16342699527740479
open_palm,0.36511334776878357,0.7852602601051331,5.273928422866447e-07,0.4445743262767792,0.7496256828308105,-0.034264471381902695,0.5079368948936462,0.6711537837982178,-0.05685100331902504,0.5585725903511047,0.6064882278442383,-0.07785224914550781,0.6051711440086365,0.5616706609725952,-0.1012420654296875,0.47297796607017517,0.5219835638999939,-0.059693627059459686,0.49748533964157104,0.39817363023757935,-0.09539905190467834,0.5124717950820923,0.32067766785621643,-0.11990658193826675,0.5236344337463379,0.2525358200073242,-0.13843874633312225,0.4223708212375641,0.5087118148803711,-0.06907335668802261,0.4351240396499634,0.36842167377471924,-0.1025439128279686,0.44322872161865234,0.27806663513183594,-0.12804441154003143,0.4454324245452881,0.2018432319164276,-0.14709147810935974,0.3720989227294922,0.5306999087333679,-0.08125195652246475,0.36176443099975586,0.3985978364944458,-0.11514759808778763,0.35424941778182983,0.30533069372177124,-0.14329490065574646,0.3479795455932617,0.22448179125785828,-0.16386272013187408,0.32353639602661133,0.579548716545105,-0.09552179276943207,0.280922532081604,0.4977741539478302,-0.13208580017089844,0.2510782480239868,0.43866968154907227,-0.15414738655090332,0.2271319478750229,0.38023316860198975,-0.16886858642101288
open_palm,0.363391637802124,0.785713255405426,6.026364758326963e-07,0.44102025032043457,0.7505746483802795,-0.03373674303293228,0.5033054947853088,0.6731249094009399,-0.05637606605887413,0.5555127263069153,0.6110001802444458,-0.07762349396944046,0.6049250960350037,0.5701151490211487,-0.10100719332695007,0.4748168885707855,0.5277215838432312,-0.05936034396290779,0.5056720972061157,0.40813907980918884,-0.09648662060499191,0.525291919708252,0.33077311515808105,-0.12122157216072083,0.5396573543548584,0.2638463079929352,-0.13943496346473694,0.42462587356567383,0.5107511281967163,-0.06944610178470612,0.4448259174823761,0.3712158203125,-0.10471890866756439,0.4592007100582123,0.2811819016933441,-0.12963280081748962,0.46638351678848267,0.20586422085762024,-0.14745724201202393,0.37329840660095215,0.5311108231544495,-0.08253926038742065,0.3643757402896881,0.39813753962516785,-0.11822403222322464,0.3587751090526581,0.30364662408828735,-0.1459869146347046,0.35493096709251404,0.22266453504562378,-0.1655750274658203,0.32311704754829407,0.5794973969459534,-0.097664475440979,0.28155675530433655,0.49654263257980347,-0.1350085288286209,0.2522069215774536,0.43486154079437256,-0.1570601612329483,0.2287975698709488,0.37344568967819214,-0.17154958844184875
open_palm,0.3638820946216583,0.7865433692932129,6.017854161655123e-07,0.44056978821754456,0.7503300905227661,-0.03395931422710419,0.503446638584137,0.6722914576530457,-0.05721844360232353,0.5579153299331665,0.612528920173645,-0.07892708480358124,0.6105083227157593,0.5765748620033264,-0.10292907059192657,0.4768297076225281,0.5311645269393921,-0.06240434944629669,0.5089733004570007,0.41277486085891724,-0.10056917369365692,0.5287059545516968,0.3363495469093323,-0.12571297585964203,0.5434762239456177,0.268969863653183,-0.14435631036758423,0.42641955614089966,0.5127819180488586,-0.07291949540376663,0.44825777411460876,0.37523311376571655,-0.10882502049207687,0.46301373839378357,0.2855169475078583,-0.13355249166488647,0.47127866744995117,0.2089146375656128,-0.15141046047210693,0.37397459149360657,0.5325976014137268,-0.08630427718162537,0.36757758259773254,0.3999286890029907,-0.12281589210033417,0.36319127678871155,0.3061407208442688,-0.15027518570423126,0.36116302013397217,0.22392991185188293,-0.16984403133392334,0.32249364256858826,0.5810168981552124,-0.10171367228031158,0.2824341058731079,0.5002526044845581,-0.14007355272769928,0.2542603015899658,0.4383690357208252,-0.16198620200157166,0.2326044887304306,0.37538182735443115,-0.17646674811840057
open_palm,0.3613508641719818,0.7846107482910156,6.159988856779819e-07,0.4397401213645935,0.7503500580787659,-0.03349847346544266,0.5037705302238464,0.6738274693489075,-0.0568198636174202,0.558308482170105,0.6141530871391296,-0.0787341520190239,0.6105625629425049,0.577597439289093,-0.10331419110298157,0.4776354730129242,0.5336471796035767,-0.06409001350402832,0.512874186038971,0.41616392135620117,-0.10241546481847763,0.5343636870384216,0.3407672047615051,-0.1271948665380478,0.5512533187866211,0.27495962381362915,-0.14575059711933136,0.42831292748451233,0.5145329236984253,-0.07500220090150833,0.45238441228866577,0.37906786799430847,-0.1115998849272728,0.46908077597618103,0.2898523211479187,-0.13695408403873444,0.4792453348636627,0.21363162994384766,-0.1553676873445511,0.3760966956615448,0.5340991020202637,-0.08856789022684097,0.36985722184181213,0.4012921452522278,-0.12604142725467682,0.3661293387413025,0.30846351385116577,-0.15509772300720215,0.3653169274330139,0.2273229956626892,-0.1760132908821106,0.3251999318599701,0.5830896496772766,-0.10390041768550873,0.2842831611633301,0.5050725936889648,-0.14366626739501953,0.2561514973640442,0.44444626569747925,-0.16731470823287964,0.2349693775177002,0.3829176127910614,-0.1831665188074112
open_palm,0.3633921444416046,0.7864406704902649,5.881364586457494e-07,0.4412994980812073,0.7533221244812012,-0.03474419564008713,0.5033788084983826,0.6779394149780273,-0.05910171940922737,0.5572327971458435,0.6173771619796753,-0.08215957134962082,0.6119665503501892,0.5808296799659729,-0.10781728476285934,0.47914326190948486,0.5347608327865601,-0.06277035176753998,0.5114573836326599,0.4187736511230469,-0.10111914575099945,0.5312232971191406,0.3423982858657837,-0.12648014724254608,0.5460180044174194,0.27598491311073303,-0.1455201506614685,0.43104100227355957,0.5156618356704712,-0.07317478209733963,0.45552632212638855,0.3822789192199707,-0.10930909961462021,0.47197577357292175,0.29551273584365845,-0.13445696234703064,0.481746643781662,0.22193017601966858,-0.15286950767040253,0.3790729343891144,0.534143328666687,-0.08662830293178558,0.37348753213882446,0.4025161862373352,-0.12319068610668182,0.36946502327919006,0.311410129070282,-0.15131129324436188,0.36784085631370544,0.23274654150009155,-0.171730175614357,0.32746273279190063,0.5807465314865112,-0.10213982313871384,0.2884864807128906,0.4999971091747284,-0.1399790197610855,0.2614949345588684,0.43939393758773804,-0.16260115802288055,0.24080370366573334,0.3800389766693115,-0.17800664901733398
open_palm,0.3658083379268646,0.7865567803382874,6.06037588113395e-07,0.4429113566875458,0.7528817653656006,-0.03533104062080383,0.5047894716262817,0.6784550547599792,-0.06009465456008911,0.5601869821548462,0.620255708694458,-0.08338873088359833,0.6153792142868042,0.5815702080726624,-0.10913839191198349,0.4807671308517456,0.5366378426551819,-0.06319928914308548,0.5145993828773499,0.4202275276184082,-0.10238435119390488,0.5358480215072632,0.3441820740699768,-0.1279766857624054,0.5526481866836548,0.27782654762268066,-0.14703525602817535,0.43317317962646484,0.517109751701355,-0.07338107377290726,0.4585111439228058,0.3850051164627075,-0.10993321239948273,0.476005882024765,0.29833561182022095,-0.13523297011852264,0.4874769449234009,0.22343501448631287,-0.15372596681118011,0.3822929859161377,0.5363978147506714,-0.08665738254785538,0.37848353385925293,0.4067683815956116,-0.12375354766845703,0.3754494786262512,0.3162516951560974,-0.1515922248363495,0.3753369152545929,0.23614397644996643,-0.17187130451202393,0.332278311252594,0.5849653482437134,-0.10207591205835342,0.2971312999725342,0.5081897377967834,-0.1409618854522705,0.27404528856277466,0.4483177661895752,-0.16358275711536407,0.2574089765548706,0.3878066837787628,-0.1789044737815857
